<Scene>
	<BackgroundColor>150 150 150</BackgroundColor>
	<Culling>1</Culling>
    <ProjectionType>1</ProjectionType>
	<Cameras>
		<Camera id="1">
			<Position>-150 0 10</Position>
			<Gaze>1 0 0</Gaze>
			<Up>0 1 0</Up>
			<ImagePlane>-1 1 -1 1 2 1000 1000 1000</ImagePlane>
			<OutputName>flag_iceland_1.ppm</OutputName>
		</Camera>
		<Camera id="2">
			<Position>-150 0 30</Position>
			<Gaze>1 0 0</Gaze>
			<Up>0 1 0</Up>
			<ImagePlane>-1 1 -1 1 2 1000 1000 1000</ImagePlane>
			<OutputName>flag_iceland_2.ppm</OutputName>
		</Camera>
		<Camera id="3">
			<Position>0 0 150</Position>
			<Gaze>0 0 -1</Gaze>
			<Up>0 1 0</Up>
			<ImagePlane>-1 1 -1 1 2 1000 1000 1000</ImagePlane>
			<OutputName>flag_iceland_final.ppm</OutputName>
		</Camera>
	</Cameras>

    <Vertices count="40">
        <Vertex id="1" position="-40.0 25.0 0.0" color="2 82 156" />
        <Vertex id="2" position="-40.0 -25.0 0.0" color="2 82 156" />
        <Vertex id="3" position="40.0 -25.0 0.0" color="2 82 156" />
        <Vertex id="4" position="40.0 25.0 0.0" color="2 82 156" />
        <Vertex id="5" position="40.0 -25.0 -5.0" color="0 0 255" />
        <Vertex id="6" position="40.0 25.0 -5.0" color="0 0 255" />
        <Vertex id="7" position="-40.0 25.0 -5.0" color="0 255 255" />
        <Vertex id="8" position="-40.0 -25.0 -5.0" color="0 255 255" />
            
            
        <Vertex id="9" position="-37.5 5.0 10.0" color="255 255 255" />
        <Vertex id="10" position="-37.5 -5.0 10.0" color="255 255 255" />
        <Vertex id="11" position="37.5 -5.0 10.0" color="255 255 255" />
        <Vertex id="12" position="37.5 5.0 10.0" color="255 255 255" />
        <Vertex id="13" position="37.5 -5.0 8.0" color="0 0 255" />
        <Vertex id="14" position="37.5 5.0 8.0" color="0 0 255" />
        <Vertex id="15" position="-37.5 5.0 8.0" color="0 255 255" />
        <Vertex id="16" position="-37.5 -5.0 8.0" color="0 255 255" />

        <Vertex id="17" position="-20.0 24.0 6.0" color="255 255 255" />
        <Vertex id="18" position="-20.0 -24.0 6.0" color="255 255 255" />
        <Vertex id="19" position="-9.5 -24.0 6.0" color="255 255 255" />
        <Vertex id="20" position="-9.5 24.0 6.0" color="255 255 255" />
        <Vertex id="21" position="-9.5 -24.0 4.0" color="0 0 255" />
        <Vertex id="22" position="-9.5 24.0 4.0" color="0 0 255" />
        <Vertex id="23" position="-20.0 24.0 4.0" color="0 255 255" />
        <Vertex id="24" position="-20.0 -24.0 4.0" color="0 255 255" />

        <Vertex id="25" position="-37.0 2.8 12.0" color="220 30 53" />
        <Vertex id="26" position="-37.0 -2.8 12.0" color="220 30 53" />
        <Vertex id="27" position="37.0 -2.8 12.0" color="220 30 53" />
        <Vertex id="28" position="37.0 2.8 12.0" color="220 30 53" />
        <Vertex id="29" position="37.0 -2.8 11.5" color="0 0 255" />
        <Vertex id="30" position="37.0 2.8 11.5" color="0 0 255" />
        <Vertex id="31" position="-37.0 2.8 11.5" color="0 255 255" />
        <Vertex id="32" position="-37.0 -2.8 11.5" color="0 255 255" />


        <Vertex id="33" position="-16.5 22.7 14.0" color="220 30 53" />
        <Vertex id="34" position="-16.5 -22.7 14.0" color="220 30 53" />
        <Vertex id="35" position="-11.2 -22.7 14.0" color="220 30 53" />
        <Vertex id="36" position="-11.2 22.7 14.0" color="220 30 53" />
        <Vertex id="37" position="-11.2 -22.7 13.5" color="0 0 255" />
        <Vertex id="38" position="-11.2 22.7 13.5" color="0 0 255" />
        <Vertex id="39" position="-16.5 22.7 13.5" color="0 255 255" />
        <Vertex id="40" position="-16.5 -22.7 13.5" color="0 255 255" />

    </Vertices>
	
	<Translations count="0">
	</Translations>

	<Scalings count="0">
	</Scalings>

	<Rotations count="0">
	</Rotations>

	<Models count="5">

        <Model id="1" type="1">
            <Transformations count="0"></Transformations>
            <Triangles count="12">
                <Triangle>1 2 3</Triangle>
                <Triangle>1 3 4</Triangle>
                <Triangle>8 3 2</Triangle>
                <Triangle>5 3 8</Triangle>
                <Triangle>4 3 5</Triangle>
                <Triangle>4 5 6</Triangle>
                <Triangle>6 5 8</Triangle>
                <Triangle>6 8 7</Triangle>
                <Triangle>7 1 4</Triangle>
                <Triangle>7 4 6</Triangle>
                <Triangle>7 2 1</Triangle>
                <Triangle>7 8 2</Triangle>
            </Triangles>
        </Model>

        <Model id="2" type="1">
            <Transformations count="0"></Transformations>
            <Triangles count="12">
                <Triangle>9 10 11</Triangle>
                <Triangle>9 11 12</Triangle>
                <Triangle>16 11 10</Triangle>
                <Triangle>13 11 16</Triangle>
                <Triangle>12 11 13</Triangle>
                <Triangle>12 13 14</Triangle>
                <Triangle>14 13 16</Triangle>
                <Triangle>14 16 15</Triangle>
                <Triangle>15 9 12</Triangle>
                <Triangle>15 12 14</Triangle>
                <Triangle>15 10 9</Triangle>
                <Triangle>15 16 10</Triangle>
            </Triangles>
	    </Model>


        <Model id="3" type="1">
            <Transformations count="0"></Transformations>
            <Triangles count="12">
                <Triangle>17 18 19</Triangle>
                <Triangle>17 19 20</Triangle>
                <Triangle>24 19 18</Triangle>
                <Triangle>21 19 24</Triangle>
                <Triangle>20 19 21</Triangle>
                <Triangle>20 21 22</Triangle>
                <Triangle>22 21 24</Triangle>
                <Triangle>22 24 23</Triangle>
                <Triangle>23 17 20</Triangle>
                <Triangle>23 20 22</Triangle>
                <Triangle>23 18 17</Triangle>
                <Triangle>23 24 18</Triangle>
            </Triangles>
        </Model>

        <Model id="4" type="1">
            <Transformations count="0"></Transformations>
            <Triangles count="12">
                <Triangle>25 26 27</Triangle>
                <Triangle>25 27 28</Triangle>
                <Triangle>32 27 26</Triangle>
                <Triangle>29 27 32</Triangle>
                <Triangle>28 27 29</Triangle>
                <Triangle>28 29 30</Triangle>
                <Triangle>30 29 32</Triangle>
                <Triangle>30 32 31</Triangle>
                <Triangle>31 25 28</Triangle>
                <Triangle>31 28 30</Triangle>
                <Triangle>31 26 25</Triangle>
                <Triangle>31 32 26</Triangle>
            </Triangles>
        </Model>

        <Model id="5" type="1">
            <Transformations count="0"></Transformations>
            <Triangles count="12">
                <Triangle>33 34 35</Triangle>
                <Triangle>33 35 36</Triangle>
                <Triangle>40 35 34</Triangle>
                <Triangle>37 35 40</Triangle>
                <Triangle>36 35 37</Triangle>
                <Triangle>36 37 38</Triangle>
                <Triangle>38 37 40</Triangle>
                <Triangle>38 40 39</Triangle>
                <Triangle>39 33 36</Triangle>
                <Triangle>39 36 38</Triangle>
                <Triangle>39 34 33</Triangle>
                <Triangle>39 40 34</Triangle>
            </Triangles>
        </Model>



    </Models>

</Scene>